C1PR2014080422242453DFA5A84AB6E,920051002-247
C1PR2014080422243253DFA5B041486,920051002-168
C1PR2014080422250853DFA5D404F79,920071001-124
C1PR2014080422252453DFA5E4A5F95,920071001-33
C1PR2014080420581953DF917BBA791,920111001-2
C1PR2014080422211253DFA4E8C1039,920051002-204
C1PR2014080421354053DF9A3CDA5B0,920061011-23
C1PR2014080421352953DF9A31D8713,920071011-1
C1PR2014080421354853DF9A44EA7C5,920061011-57
C1PR2014080421355553DF9A4BD06E5,920061011-48
C1PR2014080421355553DF9A4B123D6,920051002-222
C1PR2014080421360753DF9A572FB65,920061011-12
C1PR2014080421360953DF9A596A087,920051002-178
C1PR2014080421355153DF9A4703548,920071011-2
C1PR2014080421361453DF9A5E77976,920061011-20
C1PR2014080421361953DF9A6337C2C,920051002-105
C1PR2014080421362053DF9A644F8D1,920061011-27
C1PR2014080421362853DF9A6C106BB,920051002-170
C1PR2014080421363253DF9A70AD19B,920051002-218
C1PR2014080421363553DF9A73C4407,920071011-7
C1PR2014080421363953DF9A778AC03,920051002-34
C1PR2014080421363453DF9A728752C,920061011-17
C1PR2014080421364253DF9A7A2B94C,920071011-3
C1PR2014080421365153DF9A832951F,920051002-86
C1PR2014080422163553DFA3D3AF699,920071001-32
C1PR2014080422163153DFA3CFACB15,920051002-189
C1PR2014080422162253DFA3C68E14B,920071001-205
C1PR2014080422161053DFA3BAA0173,920051002-179
C1PR2014080420491153DF8F5776499,920091001-23
C1PR2014080422155553DFA3AB6084A,920051002-56
C1PR2014080422152853DFA39006327,920071001-37
C1PR2014080422150853DFA37CE238D,920051002-54
C1PR2014080422145453DFA36E7FC98,920071001-104
C1PR2014080422142953DFA3558D51F,920051002-99
C1PR2014080422135653DFA3342CBCF,920051002-1
C1PR2014080422133653DFA3203BE71,920071001-153
C1PR2014080422024153DFA0916A1D2,920071001-108
C1PR2014080422012353DFA043AA509,920051002-95
C1PR2014080421593453DF9FD672B8F,920071001-8
C1PR2014080421591553DF9FC39DB24,920051002-184
C1PR2014080421594153DF9FDDB1D00,920071001-148
C1PR2014080421595053DF9FE69DD83,920071001-138
C1PR2014080421594453DF9FE008EC0,920051002-176
C1PR2014080421595553DF9FEBCE8FD,920051002-101
C1PR2014080422000453DF9FF483253,920051002-69
C1PR2014080422000753DF9FF733A4F,920071001-99
C1PR2014080422001253DF9FFC16B3D,920051002-115
C1PR2014080422001753DFA0017F1E3,920051002-147
C1PR2014080422002353DFA0075F0D1,920071001-213
C1PR2014080422002153DFA005E41BF,920051002-183
C1PR2014080422002953DFA00D1306B,920071001-137
C1PR2014080422003253DFA010EAF21,920071001-109
C1PR2014080422003553DFA0131E526,920051002-188
C1PR2014080422241553DFA59F48454,920051002-5
C1PR2014080422235853DFA58EB5490,920071001-75
C1PR2014080422222453DFA5303E839,920071001-193
C1PR2014080422220353DFA51BA11ED,920071001-200
C1PR2014080422215053DFA50E2E712,920071001-85
C1PR2014080422212653DFA4F6DCCB5,920071001-145
C1PR2014080422201653DFA4B077492,920051002-245
C1PR2014080422194853DFA494B228F,920051002-36
C1PR2014080422193253DFA484A2BA7,920051002-224
C1PR2014080422192053DFA478F11DA,920051002-43
C1PR2014080422190853DFA46C7B503,920051002-66
C1PR2014080422185753DFA461286A9,920051002-223
C1PR2014080422143753DFA35D6126B,920051002-121
C1PR2014080422141853DFA34A8A954,920071001-126
C1PR2014080422140753DFA33F509DB,920071001-106
C1PR2014080422135253DFA330587FB,920071001-111
C1PR2014080422132553DFA31581534,920071001-61
C1PR2014080422131453DFA30A4BC5B,920051002-220
C1PR2014080422131653DFA30CB11B0,920071001-133
C1PR2014080422102453DFA26006F01,920051002-180
C1PR2014080422095053DFA23EB9A2A,920071001-74
C1PR2014080422064653DFA1867350D,920071001-120
C1PR2014080422063753DFA17D73DB8,920051002-186
C1PR2014080422063253DFA178784DC,920051002-226
C1PR2014080422062553DFA1719E1D8,920051002-135
C1PR2014080422045153DFA1131ECDE,920071001-34
C1PR2014080421575553DF9F730F28D,920051002-103
C1PR2014080421573053DF9F5A4E891,920071001-204
C1PR2014080421565053DF9F321912F,920051002-165
C1PR2014080421561053DF9F0A53EEB,920071001-157
C1PR2014080421555953DF9EFF1714C,920071001-121
C1PR2014080420514553DF8FF12F7FD,920091001-21
C1PR2014080421554453DF9EF08A103,920071001-172
C1PR2014080421554453DF9EF0F1175,920051002-109
C1PR2014080421550953DF9ECDD721F,920051002-193
C1PR2014080421512953DF9DF1BC1EB,920051002-213
C1PR2014080421510553DF9DD947D19,920051002-91
C1PR2014080421505453DF9DCE248E3,920051002-12
C1PR2014080421503753DF9DBD75106,920051002-149
C1PR2014080420530453DF9040059F8,920091001-17
C1PR2014080421501853DF9DAAC84D8,920051002-159
C1PR2014080421500953DF9DA17F179,920071001-169
C1PR2014080421501253DF9DA48148B,920051002-148
C1PR2014080420531353DF90494C8DC,920091001-15
C1PR2014080421491353DF9D694026A,920071001-117
C1PR2014080421484553DF9D4DEA941,920071001-65
C1PR2014080421483553DF9D43430B7,920071001-194
C1PR2014080421483053DF9D3E2FC6E,920051002-140
C1PR2014080420531953DF904F8E3EB,920041005-50
C1PR2014080421482553DF9D39CD339,920071001-182
C1PR2014080420534953DF906D29B55,920091001-26
C1PR2014080420534153DF9065E3C07,920091001-11
C1PR2014080421475753DF9D1D906EB,920071001-147
C1PR2014080421470753DF9CEB45801,920051002-132
C1PR2014080421465553DF9CDF9AC1E,920051002-174
C1PR2014080421464653DF9CD643E34,920051002-11
C1PR2014080421462653DF9CC2D4506,920051002-131
C1PR2014080421450253DF9C6E5C15F,920061003-6
C1PR2014080421444653DF9C5E2B56A,920061003-9
C1PR2014080421440453DF9C344676C,920071001-30
C1PR2014080421441553DF9C3FDED01,920061002-15
C1PR2014080421435353DF9C29EF822,920051002-210
C1PR2014080421434353DF9C1FD4CA7,920071001-203
C1PR2014080421433753DF9C19A2205,920051002-160
C1PR2014080421434353DF9C1F5AD10,920061002-16
C1PR2014080421433653DF9C18963A9,920071001-152
C1PR2014080421401053DF9B4A64FC6,920071001-20
C1PR2014080421400553DF9B45C8FE3,920051002-152
C1PR2014080421400653DF9B465790F,920061006-1
C1PR2014080420562253DF910640E77,920041005-3
C1PR2014080420562653DF910A31613,920111001-14
C1PR2014080421400053DF9B4031787,920071001-72
C1PR2014080421395753DF9B3D64C7B,920061006-2
C1PR2014080420563353DF91115D24A,920111001-3
C1PR2014080421342853DF99F4CDBBF,920061011-66
C1PR2014080421341053DF99E269A19,920031002-136
C1PR2014080421340053DF99D873842,920031002-214
C1PR2014080420582753DF9183F108B,920101003-2
C1PR2014080420584453DF9194A294E,920101003-13
C1PR2014080421335453DF99D2F01EB,920071011-6
C1PR2014080420584453DF919407CFB,920041005-18
C1PR2014080421335953DF99D737E37,920051002-231
C1PR2014080421334953DF99CD17728,920051002-219
C1PR2014080421334153DF99C5E79FA,920061011-25
C1PR201409012118075404801F3FE3D,920061003-8
C1PR2014080421331553DF99AB9DDF7,920051002-166
C1PR2014080420585553DF919F3D044,920101003-8
C1PR2014080421325053DF9992B99C9,920071011-13
C1PR2014080421325753DF999959400,920061011-26
C1PR2014080421325153DF999350F25,920051002-150
C1PR2014080421324053DF99887D787,920031002-68
C1PR2014080421304453DF9914519DF,920031002-261
C1PR2014080421303553DF990BB74B4,920071014-23
C1PR2014080421302853DF990492CF6,920071014-22
C1PR2014080421302453DF9900B7260,920031002-204
C1PR2014080421301553DF98F715CF2,920071014-26
C1PR2014080421301053DF98F251FF2,920031002-137
C1PR2014080421300853DF98F03AD24,920071014-10
C1PR2014080421300253DF98EAC732A,920031002-60
C1PR2014080421294553DF98D9F382A,920051002-67
C1PR2014080421295453DF98E25103C,920031002-218
C1PR2014080421294553DF98D9EC332,920061011-41
C1PR2014080421293653DF98D0CD38A,920051002-90
C1PR2014080421054353DF9337F3266,920031002-91
C1PR2014080421003953DF920798129,920101003-14
C1PR2014080421011153DF922757E01,920101003-21
C1PR2014080421005253DF9214A924E,920041005-17
C1PR2014080421020053DF925832F96,920101003-12
C1PR2014080421040753DF92D7246F6,920111001-45
C1PR2014080421041253DF92DCCCAA3,920111001-13
C1PR2014080421041253DF92DC7C67B,920031002-180
C1PR2014080421040853DF92D85CDE0,920041005-6
C1PR2014080421042053DF92E49DCCE,920031002-167
C1PR2014080421062953DF936548CDD,920111001-44
C1PR2014080421061453DF9356833E1,920111001-30
C1PR2014080421055153DF933F92B87,920031002-140
C1PR2014080421054453DF93389F14C,920111001-28
C1PR2014080421055353DF934131EFB,920101001-27
C1PR2014080421061053DF93523ADA8,920111001-46
C1PR2014080421060453DF934CEA481,920111001-48
C1PR2014080421060053DF934830775,920031002-216
C1PR2014080421070953DF938D63831,920101001-64
C1PR2014080421281053DF987A11CEF,920071014-11
C1PR2014080421073453DF93A646EE2,920101001-13
C1PR2014083015513254019094977E5,550-004-1
C1PR2014080421073953DF93AB515B0,920101001-18
C1PR2014080421274653DF9862E9310,920071014-32
C1PR2014080421275353DF9869B0715,920031002-231
C1PR2014080421274553DF98610F1C9,920061011-63
C1PR2014080421074153DF93ADF2D45,920031002-4
C1PR2014080421273753DF985911D88,920061011-31
C1PR2014080421272853DF98501AFE7,920031002-240
C1PR2014080421273153DF98535B864,920061011-32
C1PR2014080421074453DF93B0B7778,920101001-3
C1PR2014080421271953DF9847536FC,920071014-43
C1PR2014080421272553DF984D40CF7,920051002-89
C1PR2014080421075853DF93BE8624D,920031002-112
C1PR2014080421080253DF93C2BFC67,920101001-67
C1PR2014080421270253DF9836451ED,920071014-34
C1PR2014080421082753DF93DB378D5,920061012-6
C1PR2014080421265053DF982A87EC8,920071014-33
C1PR2014080421083553DF93E3E2352,920061012-8
C1PR2014080421265853DF983202F79,920031002-184
C1PR2014080421264753DF982776ACE,920061011-1
C1PR2014080421084353DF93EBC9E3E,920061012-9
C1PR2014080421083953DF93E744E39,920101001-32
C1PR2014080421084953DF93F1F1797,920101001-89
C1PR2014080421264453DF982425915,920071014-19
C1PR2014080421085153DF93F3C7ECB,920061012-3
C1PR2014080421263953DF981F6E7AB,920061011-40
C1PR2014080421263953DF981F80376,920051004-7
C1PR2014080421263953DF981F4DD6D,920031002-227
C1PR2014080421090053DF93FC44B3B,920061012-5
C1PR2014080421263053DF98163E9D1,920031002-241
C1PR2014080421090653DF940298084,920061012-17
C1PR2014080421263053DF9816943CB,920061011-55
C1PR2014080421261953DF980BD2E38,920071014-13
C1PR2014080421095853DF943686249,920061012-21
C1PR2014082716571153FDAB77ED605,550-002-5
C1PR2014080421261153DF9803AEE1D,920051004-1
C1PR2014080421261153DF980341C4F,920031002-242
C1PR2014080421260653DF97FE8948E,920061011-65
C1PR2014080421260453DF97FC736AF,920031002-211
C1PR2014080421101153DF9443D8B72,920061012-23
C1PR2014080421101253DF9444E1DE1,920101001-75
C1PR2014080421255753DF97F519AD5,920071014-35
C1PR2014080421260053DF97F85187D,920051004-16
C1PR2014080421102053DF944C77991,920031002-154
C1PR2014080421121353DF94BDF2D93,920101001-16
C1PR2014080421110653DF947AE26F5,920061012-28
C1PR2014080421110653DF947A04191,920101001-90
C1PR2014080421105853DF947298C93,920031002-101
C1PR2014080421105253DF946C575BC,920101001-11
C1PR2014080421105053DF946AEB074,920031002-135
C1PR2014082115590353F5B4D7B74A3,920111001-17
C1PR2014080421104253DF94626A797,920031002-262
C1PR2014080421115653DF94AC37308,920101001-23
C1PR2014090121171154047FE7394C9,920061003-9
C1PR2014080421255753DF97F5D37FD,920031002-195
C1PR2014080421255253DF97F0E98B1,920061011-62
C1PR2014080421121853DF94C2CF119,920061012-26
C1PR2014080421122253DF94C68D072,920101001-78
C1PR2014080421255253DF97F088F9B,920031002-124
C1PR2014080421122853DF94CC8A6A7,920061012-15
C1PR2014080421123753DF94D599343,920061012-20
C1PR2014080421253053DF97DAA8C8F,920071014-39
C1PR2014080421254553DF97E9C6302,920061011-61
C1PR2014080421254553DF97E9794B7,920031002-134
C1PR2014080421254153DF97E5ED799,920051004-21
C1PR2014080421252353DF97D3A3F55,920061011-70
C1PR2014080421124853DF94E05588C,920061012-27
C1PR2014080421252953DF97D916B59,920051004-10
C1PR2014080421252753DF97D7B7369,920031002-93
C1PR2014080421125853DF94EA8D837,920061012-1
C1PR2014080421251953DF97CF10591,920071014-44
C1PR2014080421170253DF95DEE1DA1,920031002-123
C1PR2014080421170353DF95DF61177,920061001-2
C1PR2014080421165253DF95D49FA77,920061001-21
C1PR201408302019445401CF7050433,550-004-3
C1PR2014080421161353DF95ADE1AF0,920061001-31
C1PR2014080421141853DF953AE74FB,920031002-186
C1PR2014080421145953DF95639FB0D,920031002-133
C1PR2014080421144753DF9557F40AE,920031002-187
C1PR2014080421143753DF954D13FBA,920061012-22
C1PR2014080421155753DF959D5AADA,920061001-22
C1PR2014080421154353DF958F6AD2E,920031002-162
C1PR2014080421153953DF958BC3804,920061012-18
C1PR2014080421151953DF957732EFB,920101001-28
C1PR2014080421153153DF9583B3BAD,920061012-14
C1PR2014080421153453DF9586F085B,920031002-263
C1PR2014080421161953DF95B39A174,920101002-2
C1PR2014080421162153DF95B511F0A,920061001-30
C1PR201409012118265404803240372,920061003-6
C1PR2014080421251853DF97CEC665C,920051004-19
C1PR2014080421250953DF97C5C2F01,920061011-34
C1PR2014080421250653DF97C236308,920031002-51
C1PR2014080421250653DF97C281951,920051004-5
C1PR2014080421172553DF95F5D54F6,920101002-3
C1PR2014080421173253DF95FC1F1AD,920031002-145
C1PR2014080421173553DF95FFCF1F7,920101004-2
C1PR2014080421245153DF97B3EAD8C,920051004-8
C1PR2014080421183953DF963F07DBD,920061001-42
C1PR2014080421183653DF963CD26E6,920031002-115
C1PR2014080421245953DF97BB4B550,920031002-188
C1PR2014080421245353DF97B5531A6,920071014-16
C1PR2014080421244953DF97B17D47B,920061011-18
C1PR2014080421244953DF97B19F628,920031002-238
C1PR2014080421244253DF97AA77D4D,920051004-18
C1PR2014080421184453DF964455EE9,920061001-46
C1PR2014080421195053DF968689676,920031002-260
C1PR2014080421242753DF979BD1FC2,920051004-14
C1PR2014080421242353DF97973FCF6,920031002-239
C1PR2014080421201453DF969E81241,920031002-146
C1PR2014080421241553DF978F6A918,920071014-15
C1PR2014080421241553DF978F448A4,920061011-73
C1PR2014080421240753DF978799EFA,920031002-110
C1PR2014080421195953DF968FECAC6,920061001-47
C1PR2014080421202053DF96A4B8507,920031002-7
C1PR2014080421240853DF97883F633,920051004-12
C1PR2014080421240653DF978694CE0,920061011-14
C1PR2014080421203553DF96B37910E,920031002-142
C1PR2014080421235553DF977BDFE73,920051004-4
C1PR2014080421234953DF97752D2E9,920071014-38
C1PR2014080421240053DF978006AB6,920031002-87
C1PR2014080421205653DF96C856215,920061001-20
C1PR2014080421230853DF974C8235C,920061011-72
C1PR2014080421230153DF974577875,920061011-22
C1PR2014080421224853DF97380E398,920061011-33
C1PR2014080421224453DF973422819,920031002-149
C1PR2014080421224153DF973200B92,920061011-44
C1PR2014080421223753DF972D71E03,920031002-225
C1PR2014080421222153DF971D960D3,920061001-37
C1PR2014080421222953DF972584E53,920031002-141
C1PR2014080421223453DF972AD4527,920061001-41
C1PR2014080422235553DFA58BE43A6,920051002-81
C1PR2014080422234753DFA58397BF8,920071001-47
C1PR2014080422232653DFA56EAA929,920051002-228
C1PR2014080422223353DFA539855B9,920071001-209
C1PR2014080422221353DFA52597BC7,920071001-199
C1PR2014080422215353DFA511C1168,920071001-113
C1PR2014080422212053DFA4F084B8F,920051002-235
C1PR2014080422204653DFA4CEC1DFC,920051002-240
C1PR2014080422202753DFA4BB1FE5F,920051002-51
C1PR2014080422201153DFA4AB268EA,920051002-42
C1PR2014080422200253DFA4A26DD35,920051002-126
C1PR2014080422195553DFA49BA9CB5,920051002-227
C1PR2014080422194153DFA48DED343,920051002-79
C1PR2014080422192653DFA47E62D49,920051002-208
C1PR2014080422190553DFA46914C2D,920071001-163
C1PR2014080422185653DFA46095A39,920071001-22
C1PR2014080422183953DFA44F1A781,920051002-185
C1PR2014080422182853DFA444A9EE4,920051002-154
C1PR2014080422182053DFA43CD5923,920051002-153
C1PR2014080422180953DFA4314CCD9,920051002-122
C1PR2014080422164453DFA3DCBA35C,920051002-92
C1PR2014080422162053DFA3C463AE4,920051002-221
C1PR2014080422154453DFA3A0B7287,920071001-101
C1PR2014080422154753DFA3A32A65E,920051002-195
C1PR2014080422151353DFA3819F60F,920071001-198
C1PR2014080422095753DFA245A9B1E,920051002-10
C1PR2014080422085553DFA207B24E0,920051002-64
C1PR2014080422084453DFA1FC5F32B,920071001-14
C1PR2014080422025453DFA09EE1408,920071001-13
C1PR2014080422024853DFA098CA742,920051002-18
C1PR2014080422013653DFA05068874,920051002-206
C1PR2014080422011153DFA03710F61,920051002-53
C1PR2014080422005753DFA02974B21,920051002-57
C1PR2014080422004653DFA01E549B5,920071001-210
C1PR2014080421572453DF9F54AC808,920051002-138
C1PR2014080421565953DF9F3B156A9,920071001-127
C1PR2014080421541553DF9E97D82E2,920071001-129
C1PR2014080420520953DF9009B0BD7,92004100548
C1PR2014080421535453DF9E82DA4A8,920051002-104
C1PR2014080421534453DF9E78D88E5,920071001-50
C1PR2014080421533853DF9E7251EF1,920051002-157
C1PR2014080421532553DF9E6584C2D,920051002-130
C1PR2014080421530153DF9E4D3A860,920071001-189
C1PR2014080421502953DF9DB57AB88,920071001-143
C1PR2014080421494953DF9D8D43C0B,920071001-77
C1PR2014080421490753DF9D633CCB2,920051002-164
C1PR2014080421485653DF9D58DD583,920051002-32
C1PR2014080420533353DF905D9A5F8,920041005-41
C1PR2014080421482353DF9D37E0C94,920051002-181
C1PR2014080420535353DF907183C0D,920091001-12
C1PR2014080420535053DF906E7E691,920041005-29
C1PR2014080421482253DF9D36268D6,920071001-149
C1PR2014080421481453DF9D2EACDAA,920051002-106
C1PR2014080420540953DF90810ACCF,920091002-3
C1PR2014080420542853DF9094417A1,920091002-4
C1PR2014080421481153DF9D2B65746,920071001-156
C1PR2014080421471653DF9CF41EE92,920071001-211
C1PR2014080421460153DF9CA97F9E7,920061010-3
C1PR2014080421455153DF9C9FC9464,920051002-46
C1PR2014080421455253DF9CA072E23,920061010-2
C1PR2014080420545353DF90AD054AF,920091002-6
C1PR2014080421454553DF9C992B0B9,920061010-14
C1PR2014080421453053DF9C8AB1182,920051002-41
C1PR2014080421454053DF9C947F874,920061010-8
C1PR2014080421453253DF9C8C5A920,920061003-8
C1PR2014080421452453DF9C8419874,920061003-3
C1PR2014080421451553DF9C7BE53AC,920061003-2
C1PR2014080421450753DF9C73A4944,920061003-5
C1PR2014080421445853DF9C6AA55D0,920071001-183
C1PR2014080421445253DF9C6415C15,920061003-7
C1PR2014080421443753DF9C55B3252,920061003-1
C1PR2014080421442453DF9C4809894,920071001-154
C1PR2014080421435953DF9C2FD90EA,920061002-17
C1PR2014080420561853DF91020668E,920111001-50
C1PR2014080420561553DF90FFDE51B,920041005-5
C1PR2014080421394553DF9B3140D9B,920051002-74
C1PR2014080421395153DF9B3701F71,920061011-43
C1PR2014080421394253DF9B2EC9C34,920061011-16
C1PR2014080420564053DF911822888,920111001-25
C1PR2014080420564253DF911AE9303,920041005-38
C1PR2014080421393553DF9B2782A8E,920061011-15
C1PR2014080421393653DF9B28BA931,920051002-190
C1PR2014080421392053DF9B18C22A3,920051002-151
C1PR2014080421385453DF9AFE76C76,920051002-62
C1PR2014080421384753DF9AF72C3B9,920051002-141
C1PR2014080421381653DF9AD867434,920071001-115
C1PR2014080421380453DF9ACC0554E,920071008-2
C1PR2014080421374853DF9ABC22A6E,920051002-83
C1PR2014080421375753DF9AC5E3290,920071008-3
C1PR2014080421370153DF9A8D38345,920061011-24
C1PR2014080420571153DF913796A2C,920101003-25
C1PR2014080421365853DF9A8A3B4A9,920071010-2
C1PR2014080421365753DF9A89282FB,920051002-17
C1PR2014080421365253DF9A840B108,920071010-5
C1PR2014080420572553DF914506B3E,920101003-29
C1PR2014080421345953DF9A131649F,920071011-4
C1PR2014080420573153DF914BF1BF6,920041005-25
C1PR2014080421345253DF9A0C3858C,920071011-8
C1PR2014080421343753DF99FD6052A,920061011-69
C1PR2014080421341753DF99E969B95,920071011-9
C1PR2014080421341853DF99EA02DFA,920031002-264
C1PR2014080421340753DF99DF7BF81,920061011-67
C1PR2014080420573353DF914D69BC2,920101003-1
C1PR2014080420574353DF915768C82,920041005-37
C1PR2014080420582053DF917C6059B,920101003-27
C1PR2014080420581353DF9175BB0D9,920111001-36
C1PR2014080420580453DF916CC56C4,920111001-9
C1PR2014080420575353DF9161457C6,920101003-20
C1PR2014080420575953DF9167B4C72,920111001-6
C1PR2014080420580053DF9168A31D5,920101003-6
C1PR2014080420580753DF916F2949A,920041005-12
C1PR2014080420581253DF917436A2D,920101003-22
C1PR2014080421335653DF99D455B3D,920061011-37
C1PR2014080421335153DF99CF75049,920061011-51
C1PR2014080421332953DF99B92FEB3,920051002-96
C1PR2014080420585853DF91A29815B,920101003-9
C1PR2014080421325553DF999772DD6,920031002-246
C1PR2014080420585953DF91A30D44B,920111001-33
C1PR2014080421324253DF998A97700,920051002-207
C1PR2014080420590753DF91AB1822B,920101003-3
C1PR2014080421322953DF997DE46F3,920071011-12
C1PR2014080421322453DF9978866FF,920051002-76
C1PR2014080421322553DF997920BE8,920071014-3
C1PR2014080421321953DF997349C7F,920051002-40
C1PR2014080421315053DF995695A94,920071014-40
C1PR2014080420591953DF91B7DE8F9,920041005-7
C1PR2014080421313953DF994BC8D1B,920051002-111
C1PR2014080420594253DF91CE19222,920041005-24
C1PR2014080420594953DF91D5866ED,920041005-16
C1PR2014080421305953DF9923D6E81,920071014-21
C1PR2014080421305153DF991BD6B97,920031002-155
C1PR2014080421293253DF98CC9AAA4,920031002-223
C1PR2014080421292453DF98C424EA3,920031002-179
C1PR2014080421054853DF933C32521,920101001-91
C1PR2014080421005153DF921377CAB,920101003-28
C1PR2014080421004353DF920B8DB36,920101003-16
C1PR2014080421011453DF922A9661B,920111001-19
C1PR2014080421011853DF922E081F0,920041005-15
C1PR2014080421012453DF92346B9C9,920041005-27
C1PR2014080421012453DF923418CB8,920101003-18
C1PR2014080421012753DF9237B0C00,920041005-23
C1PR2014080421012153DF92318FEEA,920111001-26
C1PR2014080421012653DF92365664A,920031002-116
C1PR2014080421013253DF923C6FDF9,920111001-1
C1PR2014080421013153DF923BBFEC0,920101003-26
C1PR2014080421052653DF9326489C0,920101001-4
C1PR2014080421052153DF9321A1152,920111001-22
C1PR2014080420471153DF8EDF85BD2,15465454444
C1PR2014080422254053DFA5F4309D7,920071001-98
C1PR2014080422194053DFA48CDE028,920071001-180
C1PR2014080422161053DFA3BA56382,920071001-118
C1PR2014080422150453DFA378DEF36,920071001-141
C1PR2014080422144153DFA36178ED2,920071001-174
C1PR2014080422141353DFA345569A7,920051002-47
C1PR2014080422130653DFA30270683,920071001-46
C1PR2014080422130753DFA3038BCB1,920051002-3
C1PR2014080422124853DFA2F06C884,920051002-29
C1PR2014080420493653DF8F70205CE,920091001-7
C1PR2014080422125453DFA2F6C1E43,920071001-103
C1PR2014080422124653DFA2EE1C472,920071001-105
C1PR2014080422123753DFA2E5A91DC,920071001-69
C1PR2014080420494753DF8F7BCC089,920091001-19
C1PR2014080422122053DFA2D4B9A81,920051002-2
C1PR2014080422120253DFA2C3015EA,920051002-156
C1PR2014080422120153DFA2C1287A0,920071001-90
C1PR2014080422114153DFA2ADAF736,920071001-212
C1PR2014080422112453DFA29C0EEC8,920071001-202
C1PR2014080422105553DFA27FC1E67,920051002-216
C1PR2014080422080653DFA1D664D34,920071001-195
C1PR2014080422075753DFA1CD27108,920051002-108
C1PR2014080422074853DFA1C413C01,920051002-143
C1PR2014080420503353DF8FA995E39,920091001-25
C1PR2014080422073253DFA1B4DF6AA,920051002-205
C1PR2014080422065153DFA18BC370A,920051002-243
C1PR2014080422062353DFA16F1F18E,920071001-11
C1PR2014080422061653DFA168643CB,920051002-211
C1PR2014080422060853DFA1609042C,920051002-234
C1PR2014080422055453DFA152BB965,920051002-248
C1PR2014080422054453DFA14883DA5,920051002-225
C1PR2014080422033553DFA0C792709,920071001-142
C1PR2014080422032053DFA0B82F527,920071001-64
C1PR2014080422031953DFA0B712276,920051002-98
C1PR2014080422030653DFA0AA9B78C,920071001-110
C1PR2014080422031453DFA0B26C21B,920051002-158
C1PR2014080422025653DFA0A0CF56C,920051002-229
C1PR2014080421591753DF9FC53856E,920071001-191
C1PR2014080421585253DF9FACDC729,920071001-86
C1PR2014080420512453DF8FDC3FDB8,920041005-40
C1PR2014080421580153DF9F79C3FDB,920051002-44
C1PR2014080421573153DF9F5B45AB1,920051002-127
C1PR2014080421572553DF9F55F0837,920071001-159
C1PR2014080421571653DF9F4CD3CAB,920071001-122
C1PR2014080421564253DF9F2A6EACF,920071001-35
C1PR2014080421563253DF9F20D4820,920071001-119
C1PR2014080420513453DF8FE6BF3D1,920041005-47
C1PR2014080421555553DF9EFB3E0B7,920071001-71
C1PR2014080420515153DF8FF7B920B,920091001-4
C1PR2014080421553153DF9EE330310,920051002-177
C1PR2014080421551953DF9ED7A59ED,920051002-24
C1PR2014080420520153DF900180BE6,920041005-4
C1PR2014080420520153DF90011D5BC,920091001-22
C1PR2014080421543653DF9EAC02ED6,920051002-239
C1PR2014080420522053DF9014268A9,920041005-20
C1PR2014080420521753DF9011418AB,920091001-2
C1PR2014080421540853DF9E90E63E9,920071001-1
C1PR2014080421540253DF9E8A4A026,920051002-144
C1PR2014080421525053DF9E4295749,920051002-9
C1PR2014080421521953DF9E23B1821,920071001-112
C1PR2014080420525653DF90384C9BC,920091001-13
C1PR2014080420524853DF9030882C1,920091001-20
C1PR2014080421511253DF9DE071CF8,920071001-56
C1PR2014080421505053DF9DCA6A3C6,920071001-184
C1PR2014080421504053DF9DC00E189,920071001-161
C1PR2014080421502553DF9DB124A1D,920071001-155
C1PR2014080421443053DF9C4E4C3B7,920061003-4
C1PR2014080421405253DF9B74475BC,920071001-25
C1PR2014080421403353DF9B6156E88,920071001-100
C1PR2014080421391153DF9B0F69C00,920051002-14
C1PR2014080421384753DF9AF716A9D,920071001-186
C1PR2014080421384153DF9AF18E58D,920051002-209
C1PR2014080421375453DF9AC296832,920071008-1
C1PR2014080421373653DF9AB094CF5,920051002-107
C1PR2014080421372353DF9AA377C92,920051002-241
C1PR2014080421372153DF9AA128ACA,920071010-4
C1PR2014080421190453DF96587E757,920061001-35
C1PR2014080421191053DF965E460C4,920061001-40
C1PR2014080421192053DF966832579,920061001-23
C1PR2014080421193053DF9672DDCB8,920061001-7
C1PR2014080421194053DF967C7091B,920061001-5
C1PR2014080421194253DF967ECDDC8,920031002-182
C1PR2014080421194653DF9682916F6,920061001-3
C1PR2014081914073453F2F7B66E385,550-002-2
C1PR2014080421243453DF97A21385E,920071014-2
C1PR2014080421243353DF97A19A6D0,920051004-9
C1PR2014080422254853DFA5FCE714B,920051002-23
C1PR2014080422254153DFA5F5F4032,920051002-242
C1PR2014080422234753DFA583CDA95,920051002-33
C1PR2014080422232653DFA56EB66DC,920071001-144
C1PR2014080422232153DFA5690D1DB,920071001-190
C1PR2014080422225853DFA55263513,920071001-95
C1PR2014080422225453DFA54E26D7B,920071001-131
C1PR2014080422222653DFA53255758,920071001-136
C1PR2014080422211653DFA4ECE9508,920071001-208
C1PR2014080422210353DFA4DF2F534,920071001-51
C1PR2014080422205353DFA4D525D5D,920051002-167
C1PR2014080422204053DFA4C8CA5D1,920051002-110
C1PR2014080422184553DFA455496B4,920071001-10
C1PR2014080422182553DFA44128FDE,920071001-102
C1PR2014080422181253DFA434C086F,920071001-48
C1PR2014080422174553DFA4191D1B6,920051002-118
C1PR2014080422171953DFA3FFD6E7F,920051002-133
C1PR2014080422165153DFA3E3A1BC3,920071001-188
C1PR2014080422163753DFA3D567F90,920051002-238
C1PR2014080422101553DFA257CA9FB,920051002-114
C1PR2014080420500753DF8F8F27893,920091001-3
C1PR2014080422092753DFA227054A8,920051002-173
C1PR2014080422041253DFA0EC8A049,920071001-19
C1PR2014080422040653DFA0E6E8A97,920071001-92
C1PR2014080422035753DFA0DD411D3,920071001-91
C1PR2014080422034653DFA0D283F5F,920071001-116
C1PR2014080421544253DF9EB283AD2,920051002-145
C1PR2014080421543353DF9EA97568B,920071001-73
C1PR2014080421542853DF9EA41C018,920051002-19
C1PR2014080421540653DF9E8EA7BAC,920051002-48
C1PR2014080420520753DF90080125D,920091001-24
C1PR2014080421525953DF9E4BE31A9,920051002-116
C1PR2014080421524253DF9E3A93024,920071001-62
C1PR2014080421511553DF9DE3B754A,920051002-21
C1PR2014081222303953EA331F2535A,920041005-49
C1PR2014080420532753DF9057420A2,920091001-8
C1PR2014080420533353DF905D53EC2,920091001-10
C1PR2014080420540053DF90786BE51,920091002-2
C1PR2014080421453553DF9C8FE334D,920061010-6
C1PR2014080420550053DF90B4C4E97,920091002-5
C1PR2014080421451053DF9C768312F,920051002-49
C1PR2014080420550753DF90BB51F2B,920091002-1
C1PR2014080421440353DF9C335E394,920051002-16
C1PR2014080421440053DF9C30449B6,920071001-146
C1PR2014080421435053DF9C2648107,920061002-21
C1PR2014080421433553DF9C1724142,920061002-19
C1PR2014080421432953DF9C11C05CB,920061002-20
C1PR2014080421431953DF9C07B74C8,920061002-18
C1PR2014080421430453DF9BF88EDEA,920051002-52
C1PR2014080421424653DF9BE62D64B,920051002-202
C1PR2014080421422053DF9BCC28AFC,920051002-25
C1PR2014080421420453DF9BBCF0C86,920051002-65
C1PR2014080421415553DF9BB33DD00,920071001-89
C1PR2014080421414853DF9BAC6D968,920051002-194
C1PR2014080421413453DF9B9E4787F,920071001-96
C1PR2014080421412453DF9B9441749,920051002-73
C1PR2014080420553553DF90D724D71,920111001-21
C1PR2014080421411553DF9B8B0FE0C,920071001-27
C1PR2014080420554253DF90DE84016,920111001-12
C1PR2014080421410953DF9B851B5AE,920061015-1
C1PR2014080421410253DF9B7E5A621,920061006-6
C1PR2014080421404853DF9B7053D75,920051002-232
C1PR2014080421403553DF9B63BF091,920061006-7
C1PR2014080421402653DF9B5A7AE9A,920061006-5
C1PR2014080421402053DF9B5409BFF,920061006-4
C1PR2014080420561253DF90FCAF0C1,920041005-13
C1PR2014080421382753DF9AE320715,920071001-206
C1PR2014080421382753DF9AE3F1EAE,920051002-13
C1PR2014080420564953DF91219AD42,920041005-2
C1PR2014080421373853DF9AB26C54D,920071010-1
C1PR2014080421372653DF9AA610827,920061011-3
C1PR2014080420572153DF914102BA3,920101003-5
C1PR2014080421364853DF9A8085394,920061011-36
C1PR2014080420571953DF913F8392A,920041005-43
C1PR2014080420582953DF9185E87FB,920111001-15
C1PR2014080421334353DF99C8009D6,920031002-199
C1PR2014080421333753DF99C172D95,920051002-139
C1PR2014080421332453DF99B440ED9,920051002-94
C1PR2014080421331153DF99A7B9B5A,920071011-10
C1PR2014080420590253DF91A634E24,920101003-24
C1PR2014080420590153DF91A513AC4,920041005-42
C1PR2014080421314853DF995456E8F,920031002-221
C1PR2014080421313653DF9948A4DCB,920031002-254
C1PR2014080421312953DF9941392E9,920051002-6
C1PR2014080421312453DF993C934EB,920061011-21
C1PR2014080421311353DF9931D6F31,920031002-69
C1PR2014080421310853DF992C6CBFF,920071014-18
C1PR2014080421305253DF991C40985,920051002-175
C1PR2014080421305953DF99230DA92,920031002-247
C1PR2014080421305053DF991A92A5C,920071014-41
C1PR2014080421304753DF9917B11FB,920061011-2
C1PR2014080421303953DF990F3D224,920031002-229
C1PR2014080421303153DF990800DD8,920031002-249
C1PR2014080421291953DF98BF6D57F,920051002-27
C1PR2014080421012053DF92300B29A,920101003-23
C1PR2014080421010153DF921D7F419,920101003-19
C1PR2014080421004753DF920F3B511,920101003-4
C1PR2014080421052153DF932106A1A,920031002-5
C1PR2014080421051553DF931BC5BC7,920031002-253
C1PR2014080421043453DF92F259EF9,920101001-33
C1PR2014080421050753DF93138A3A8,920111001-37
C1PR2014080421015153DF924FA6A39,920101003-17
C1PR2014080421015953DF925776469,920041005-19
C1PR2014080421015653DF92547F620,920101003-11
C1PR2014080421014953DF924DF23EF,920031002-48
C1PR2014080421014653DF924AACED2,920041005-34
C1PR2014080421044453DF92FC4B4A4,920111001-11
C1PR2014080421044053DF92F87B198,920031002-151
C1PR2014080421020253DF925A5F2BD,920031002-117
C1PR2014080421040353DF92D38D6CF,920031002-107
C1PR2014080421035853DF92CE3D1F8,920101001-20
C1PR2014080421035053DF92C6694CE,920041005-44
C1PR2014080421035453DF92CA059BE,920031002-105
C1PR2014082217030353F71557E98D5,920031002-266
C1PR2014080421031853DF92A697612,920111001-47
C1PR2014080421031553DF92A37688F,920101001-60
C1PR2014080421031153DF929F52F4F,920111001-16
C1PR2014080421032053DF92A8E24F8,920101001-73
C1PR2014080421034753DF92C3440B4,920031002-100
C1PR2014080421034153DF92BD9B0EB,920111001-17
C1PR2014080421033353DF92B533623,920101001-44
C1PR2014080421032353DF92AB1986F,920111001-4
C1PR2014080421033453DF92B6424EA,920041005-35
C1PR2014080421033153DF92B3345C4,920111001-20
C1PR2014080421041753DF92E1F2D3F,920041005-45
C1PR2014080421042653DF92EA76CFC,920031002-224
C1PR2014080421041353DF92DDC96C7,920101001-65
C1PR2014080421042953DF92ED80840,920041005-21
C1PR2014080421044053DF92F8836AB,920111001-29
C1PR2014080421043453DF92F294BBF,920041005-28
C1PR2014080421043153DF92EFCCBD9,920111001-49
C1PR2014080421053553DF932FA6853,920111001-39
C1PR2014080421054153DF933531D72,920101001-82
C1PR2014080421063353DF93698EA43,920101001-59
C1PR2014080421290953DF98B56121D,920071014-29
C1PR2014080421290853DF98B429304,920051002-200
C1PR2014080421283953DF9897C3447,920071014-6
C1PR2014080421280053DF9870719F7,920031002-198
C1PR2014080421274753DF98631D6D5,920031002-196
C1PR2014080421273853DF985AA5603,920031002-244
C1PR2014080421273453DF985607457,920071014-30
C1PR2014080421272553DF984D1A984,920061011-60
C1PR2014080421271453DF984283C27,920061011-64
C1PR2014080421080953DF93C9C1D46,920101001-77
C1PR2014080421081353DF93CD6CDF7,920101001-92
C1PR2014080421271353DF9841154C0,920051002-38
C1PR2014080421271553DF9843E84CF,920031002-62
C1PR2014080421270253DF98368CD68,920051004-6
C1PR2014080421270153DF9835C1F43,920031002-163
C1PR2014080421270053DF9834331B3,920061011-38
C1PR2014080421265053DF982A0A15E,920051004-13
C1PR2014080421085753DF93F90D637,920101001-14
C1PR2014080421263453DF981A8BAAD,920071014-45
C1PR2014080421263153DF9817179B0,920051004-17
C1PR2014080421262653DF98124BAAA,920071014-36
C1PR2014080421091653DF940C0756F,920101001-66
C1PR2014080421262253DF980E96E75,920051004-11
C1PR2014080421262153DF980DE72BA,920031002-258
C1PR2014080421261453DF9806B293B,920061011-71
C1PR2014080421100453DF943C166CC,920101001-70
C1PR2014080421095453DF943234F8B,920101001-19
C1PR2014080421255953DF97F7C3613,920061011-28
C1PR2014080421110753DF947B2669E,920031002-85
C1PR2014080421102253DF944E5229D,920061012-4
C1PR2014080421104453DF94641D4CC,920061012-30
C1PR2014080421103553DF945C00A3B,920031002-153
C1PR2014080421103553DF945B75D41,920101001-53
C1PR2014080421103953DF945FA2A15,920101001-7
C1PR2014080421103253DF9458C37D3,920061012-29
C1PR2014080421120953DF94B9DFF3F,920061012-19
C1PR2014090121164654047FCE56B10,920061003-5
C1PR2014080421112553DF948D8A645,920101001-10
C1PR2014080421115853DF94AE73ADA,920061012-24
C1PR2014080421112953DF9491B2143,920101001-56
C1PR2014080421115453DF94AA37F2B,920031002-251
C1PR2014080421114353DF94A0004F1,920101001-15
C1PR2014080421114553DF94A162862,920031002-250
C1PR2014080421114753DF94A3DC665,920061012-25
C1PR201408311530405402DD30BE4F1,550-002-10
C1PR2014080421164953DF95D107346,920031002-215
C1PR2014080421163853DF95C6D6447,920061001-6
C1PR2014080421163153DF95BF1D154,920061001-29
C1PR201408302118305401DD3659540,550-004-2
C1PR2014080421160453DF95A4060C2,920101002-4
C1PR2014080421140953DF953177081,920031002-53
C1PR2014080421140253DF952A3B3C3,920031002-121
C1PR2014080421134953DF951DE1837,920101001-30
C1PR2014080421160853DF95A807758,920061001-38
C1PR2014080421143353DF95492F434,920031002-168
C1PR2014080421142853DF9544DA0C1,920061012-13
C1PR2014080421142353DF953F5703C,920031002-219
C1PR2014080421143853DF954E61C67,920031002-166
C1PR2014080421145453DF955E4A9CE,920101001-68
C1PR2014090121161154047FAB18833,920061003-3
C1PR2014080421145953DF9563A97C2,920061012-11
C1PR2014080421154753DF95935009D,920061012-7
C1PR2014080421154053DF958C35EF5,920101002-1
C1PR2014080421151353DF9571391D4,920101001-1
C1PR2014080421150853DF956C31966,920031002-255
C1PR2014080421150653DF956AD6408,920061012-12
C1PR2014080421151653DF9574BB49C,920061012-16
C1PR2014080421152353DF957BECECB,920061012-10
C1PR2014080421250753DF97C37022A,920071014-46
C1PR2014080421173853DF960230B3C,920061001-19
C1PR2014080421174653DF960A40ECD,920031002-152
C1PR2014080421174853DF960C76ED3,920101004-1
C1PR2014080421250053DF97BC22D8C,920071014-17
C1PR2014080421183253DF963810932,920061001-11
C1PR2014080421182753DF9633D1696,920031002-183
C1PR2014080421181353DF96252FA7E,920061001-18
C1PR2014080421175753DF9615963A9,920101004-3
C1PR2014080421174453DF9608E936C,920061001-45
C1PR2014081914061053F2F76245605,550-002-4
C1PR2014080421180053DF9618D38E0,920031002-228
C1PR2014080421180553DF961D2F03E,920061001-4
C1PR2014090121155654047F9C27E8D,920061003-7
C1PR2014080421244053DF97A883F4D,920031002-104
C1PR2014080421244353DF97AB32344,920061011-52
C1PR2014080421243553DF97A31A9BC,920061011-35
C1PR2014080421243453DF97A24B4B9,920031002-143
C1PR2014080421242253DF97967F769,920061011-54
C1PR2014080421242253DF9796F3EDC,920071014-8
C1PR2014080421241553DF978FAC245,920051004-3
C1PR2014090121133554047F0F9B1F9,920061003-2
C1PR2014080421240753DF9787CC578,920071014-14
C1PR2014080421202953DF96AD4A330,920031002-234
C1PR2014080421235853DF977E6FCCA,920061011-49
C1PR2014080421234553DF9771B89AD,920051004-2
C1PR2014080421232153DF9759BA1DE,920061011-29
C1PR2014080421231553DF9753BD242,920061011-74
C1PR2014080421230953DF974D03F91,920031002-24
C1PR2014080421230153DF97454C8AB,920031002-208
C1PR2014080421222253DF971E8C4AD,920071014-31
C1PR2014080421210453DF96D0C394F,920061001-1
C1PR2014080421221553DF971798B3D,920061001-36
C1PR2014080421220053DF9708CFBBC,920061001-14
C1PR2014080421211353DF96D987FAD,920061001-39
C1PR2014080421215953DF9707E8F1F,920031002-190
C1PR2014080421211953DF96DFBF3C9,920061001-9
C1PR2014080421215553DF9703C3A01,920061001-33
C1PR2014080421215053DF96FE29D01,920071014-28
C1PR20140901215056540487D05BA35,550-002-8
C1PR2014080421212753DF96E7D6416,920061001-34
C1PR20140901215038540487BEBC02E,550-002-7
C1PR2014080421214153DF96F53590B,920031002-265
C1PR2014080421213653DF96F063849,920061001-26
C1PR2014080421214353DF96F7C07E5,920071014-9
C1PR2014080421214253DF96F6AA8BA,920061001-13
C1PR2014080421215953DF9707B6D05,920071014-24
C1PR2014080421220953DF971145E46,920061001-8
C1PR2014080421220853DF971067033,920031002-230
C1PR2014080421221253DF971501046,920071014-12
C1PR2014080421222253DF971E8C5E6,920031002-30
C1PR2014080421232053DF9758C79D1,920031002-144
C1PR2014080421234553DF97715392C,920031002-193
C1PR2014080421233953DF976BB377B,920071014-4
C1PR2014080421233653DF9768AE3FA,920051004-15
C1PR2014080421232953DF9761E9DEA,920031002-150
C1PR2014080421233653DF9768365FE,920031002-14
C1PR2014080422230753DFA55B5FA13,920071001-107
C1PR2014080422123553DFA2E36146F,920051002-214
C1PR2014080422121353DFA2CD410EC,920051002-142
C1PR2014080420495253DF8F80F06A0,920091001-1
C1PR2014080422105353DFA27DA7546,920071001-179
C1PR2014080422104753DFA277BC553,920071001-185
C1PR2014080422103853DFA26E30732,920071001-158
C1PR2014080422102653DFA2629F7F1,920071001-57
C1PR2014080422101453DFA256B3C6D,920071001-167
C1PR2014080422101053DFA25226E7A,920051002-182
C1PR2014080422100053DFA248CF54F,920071001-76
C1PR2014080420501953DF8F9B53A53,920091001-6
C1PR2014080422091653DFA21C6773A,920051002-187
C1PR2014080422084153DFA1F984567,920051002-30
C1PR2014080422083453DFA1F2AB0CD,920071001-181
C1PR2014080422082353DFA1E76DC97,920071001-58
C1PR2014080422081053DFA1DAE4E4A,920071001-54
C1PR2014080422075153DFA1C75A05F,920071001-2
C1PR2014080422074153DFA1BDEEC8D,920051002-97
C1PR2014080422072153DFA1A995499,920051002-113
C1PR2014080422070853DFA19C2F45D,920051002-93
C1PR2014080422070553DFA19970957,920071001-94
C1PR2014080420503853DF8FAE800F8,920091001-27
C1PR2014080422062253DFA16E0DB54,920051002-137
C1PR2014080422053653DFA14097DF5,920051002-199
C1PR2014080422050953DFA1252EF80,920071001-201
C1PR2014080422043053DFA0FED5AA5,920071001-49
C1PR2014080422032953DFA0C1D66BE,920051002-84
C1PR2014080421590353DF9FB7D2D33,920071001-150
C1PR2014080421584853DF9FA8E85EA,920071001-134
C1PR2014080421583653DF9F9C97FC3,920071001-59
C1PR2014080421583053DF9F969D628,920071001-197
C1PR2014080421581653DF9F8892F5F,920071001-135
C1PR2014080421580953DF9F811EB2C,920071001-207
C1PR2014080421575853DF9F766EB66,920071001-196
C1PR2014080420522953DF901DD8964,920041005-8
C1PR2014080421530653DF9E52565D2,920051002-50
C1PR2014080421523053DF9E2EE51FC,920071001-130
C1PR2014080421520153DF9E1135B22,920071001-162
C1PR2014080421514753DF9E0354A3C,920071001-36
C1PR2014080421512553DF9DEDBB8B5,920071001-151
C1PR2014080420525653DF903815759,920041005-30
C1PR2014080421463653DF9CCC8A03C,920051002-191
C1PR2014080421462253DF9CBE1F410,920061010-15
C1PR2014080421462153DF9CBD7172C,920051002-125
C1PR2014080421460553DF9CADC29C1,920051002-78
C1PR2014080421455953DF9CA7B0949,920071001-125
C1PR2014080421454653DF9C9A6DED8,920071001-53
C1PR2014080421453553DF9C8FE8291,920071001-87
C1PR2014080421444853DF9C60B3BA6,920071001-166
C1PR2014080421410053DF9B7C77900,920051002-128
C1PR2014080421410853DF9B847047F,920071001-93
C1PR2014080421404353DF9B6BA8D64,920061006-8
C1PR2014080421404153DF9B69D8EBD,920051002-172
C1PR2014080421403053DF9B5EB51D3,920051002-237
C1PR2014080421401453DF9B4E20250,920051002-55
C1PR2014080421401753DF9B51A7BFB,920071001-9
C1PR2014080421401153DF9B4B4CB38,920061006-3
C1PR2014080420560153DF90F19735A,920111001-18
C1PR2014080420560653DF90F606451,920111001-41
C1PR2014080421374253DF9AB68D97A,920051002-87
C1PR2014080421373153DF9AAB6B2FD,920071010-3
C1PR2014080420570153DF912D0869E,920041005-9
C1PR2014080421372953DF9AA94336D,920051002-82
C1PR2014080421370953DF9A95E339E,920051002-155
C1PR2014080420571053DF9136BCF31,920041005-26
C1PR2014080421350653DF9A1ACEA38,920071011-5
C1PR2014080421342653DF99F2C7BEB,920071011-11
C1PR2014080421342253DF99EEAF4EB,920061011-59
C1PR2014080421340353DF99DB0F479,920061011-53
C1PR2014080420582953DF91854D78D,920041005-36
C1PR2014080420583553DF918B8B2A1,920111001-34
C1PR2014080420574553DF9159773CD,920111001-42
C1PR2014080420575253DF916006870,920111001-38
C1PR2014080420585153DF919B4F3AF,920041005-39
C1PR2014080421331053DF99A629C90,920051002-246
C1PR2014080421325853DF999A0E7FD,920051002-100
C1PR2014080420590753DF91ABD8100,920041005-32
C1PR2014080421323253DF998015634,920031002-245
C1PR2014080420590853DF91AC198C1,920111001-40
C1PR2014080421322053DF9974B5BB8,920031002-52
C1PR2014080420591153DF91AF732C3,920041005-14
C1PR2014080421321453DF996E229FE,920031002-127
C1PR2014080421321553DF996F12927,920051002-169
C1PR2014080421320853DF9968A2EBA,920031002-213
C1PR2014080421320253DF99622CA3F,920051002-59
C1PR2014080421315753DF995D46CB7,920031002-220
C1PR2014080420592953DF91C10FF76,920041005-31
C1PR2014080421312253DF993A44FCE,920071014-20
C1PR2014080421312053DF9938CD989,920061011-56
C1PR2014080421311053DF992EC7226,920051002-171
C1PR2014080421310553DF992946574,920031002-9
C1PR2014080421310053DF99248D33B,920061011-58
C1PR2014080421302553DF99010B95A,920061011-39
C1PR2014080421301453DF98F6BEA20,920061011-9
C1PR2014080421301753DF98F98CE91,920031002-259
C1PR2014080421301453DF98F6312C5,920051002-192
C1PR2014080421295053DF98DE580CD,920071014-37
C1PR2014080421294153DF98D574E27,920071014-1
C1PR2014080421003153DF91FF76D38,920101003-15
C1PR2014090121172754047FF70FAB4,920061003-1
C1PR2014080421293653DF98D06BDAE,920061011-7
C1PR2014080421292953DF98C999E5A,920061011-68
C1PR2014080421013653DF9240F1B71,920111001-35
C1PR2014080421013353DF923DC270F,920031002-88
C1PR2014080421013253DF923C70C7F,920041005-51
C1PR2014080421014153DF92456CCD2,920111001-32
C1PR2014080421051553DF931BA2B96,920101001-61
C1PR2014090122035054048AD62591C,550-004-4
C1PR2014080421050553DF9311AE865,920031002-159
C1PR2014080421040653DF92D653AC7,920101001-17
C1PR2014080421040553DF92D51E4D7,920041005-10
C1PR2014080421031053DF929E893DA,920041005-33
C1PR2014080421030853DF929C40212,920101001-57
C1PR2014080421021553DF9267C2DAD,920101003-7
C1PR2014080421030353DF929705F1E,920041005-46
C1PR2014080421030053DF92940D63B,920111001-7
C1PR2014080421023253DF9278D563B,920101003-10
C1PR2014080421023053DF9276D5ACB,920031002-118
C1PR2014080421025753DF92912F0EF,920101001-86
C1PR2014080421024253DF9282483D7,920031002-212
C1PR2014080421025653DF92902821F,920111001-10
C1PR2014080421024553DF92856B199,920111001-27
C1PR2014080421024053DF9280B80F2,920101001-45
C1PR2014080421045453DF9306ADAD4,920111001-24
C1PR2014080421044853DF9300D4DF7,920031002-222
C1PR2014080421045853DF930AD5781,920031002-178
C1PR2014080421053153DF932BABC1C,920101001-58
C1PR2014080421053953DF93332B205,920111001-23
C1PR2014080421062553DF9361DAF39,920111001-8
C1PR2014080421292153DF98C1D2AF0,920071014-42
C1PR2014080421063253DF9368E638D,920111001-5
C1PR2014080421291653DF98BC3D88A,920031002-63
C1PR2014080421284853DF98A03090D,920071014-27
C1PR2014080421283353DF98919DD8B,920071014-5
C1PR2014080421064053DF9370D97F6,920111001-31
C1PR2014080421064353DF9373DCDBC,920101001-34
C1PR2014080421065453DF937EE5696,920111001-43
C1PR2014080421071453DF9392D7740,920031002-252
C1PR2014080421070253DF93862BA7C,920101001-21
C1PR2014080421070653DF938A3B308,920031002-170
C1PR2014080421280653DF9876F0941,920031002-232
C1PR2014080421072853DF93A0134E4,920031002-197
C1PR2014080421071653DF93940C82E,920101001-55
C1PR2014080421072053DF93984262A,920031002-122
C1PR2014080422180153DFA429EB990,920051002-7
C1PR2014080422175053DFA41EDDB6A,920051002-31
C1PR2014080422175753DFA425A6B86,920071001-70
C1PR2014080422174553DFA41980883,920071001-192
C1PR2014080420483953DF8F371008C,920091003-1
C1PR2014080422173353DFA40D83930,920071001-39
C1PR2014080422172853DFA408882FE,920051002-134
C1PR2014080422171953DFA3FF8CD09,920071001-24
C1PR2014080422170053DFA3ECA6FA9,920051002-146
C1PR2014080422165553DFA3E7975EA,920071001-132
C1PR2014080422165353DFA3E53BC51,920051002-233
C1PR2014080420490253DF8F4E67322,920091008-2
C1PR2014080420484853DF8F407EB11,920091004-1
C1PR2014080420502653DF8FA2C7410,920091001-9
C1PR2014080422080353DFA1D3C0DAB,920051002-163
C1PR2014080422074053DFA1BC97D8A,920071001-160
C1PR2014080422071953DFA1A750CB6,920071001-55
C1PR2014080421523553DF9E33505FF,920051002-162
C1PR2014080421520853DF9E1844025,920071001-187
C1PR2014080420523853DF90262ACDD,920041005-1
C1PR2014080421514253DF9DFEB8FAA,920071001-176
C1PR2014080420523953DF90277017C,920091001-28
C1PR2014080421513853DF9DFAB001C,920071001-88
C1PR2014080421492953DF9D798BC6B,920071001-31
C1PR2014080421485953DF9D5B33CA4,920071001-178
C1PR2014080421484353DF9D4B7B9D1,920051002-37
C1PR2014080420532053DF9050033FB,920091001-5
C1PR2014080421431653DF9C0422A14,920051002-8
C1PR2014080421425953DF9BF30F205,920051002-244
C1PR2014080421423953DF9BDFACD16,920051002-119
C1PR2014080421420653DF9BBE2EDF1,920071001-23
C1PR2014080422255553DFA60338673,920071001-164
C1PR2014080422255853DFA6068033C,920071001-173
C1PR2014080422260553DFA60D2332C,920051002-212
C1PR2014080422260653DFA60E43154,920071001-66
C1PR2014080422261753DFA619D8C1E,920051002-217
C1PR2014080422262253DFA61E77D52,920071001-140
C1PR2014080422262553DFA621DE663,920051002-35
C1PR2014080422262653DFA622C4F40,920071001-52
C1PR2014080422263353DFA62948D9B,920051002-77
C1PR2014080422264353DFA633D7DEF,920071001-60
C1PR2014080422263953DFA62FAE4CA,920051002-117
C1PR2014080422265553DFA63F348D7,920071001-21
C1PR2014080422270453DFA648AFE9E,920071001-177
C1PR2014080422270853DFA64CD26A1,920071001-168
C1PR2014080422270453DFA64819810,920051002-39
C1PR2014080422271453DFA652A39BB,920071012-8
C1PR2014080422271553DFA6537130A,920051002-196
C1PR2014080422272553DFA65D305E6,920051002-215
C1PR2014080422272453DFA65C0922E,920071012-3
C1PR2014080422273253DFA664A8863,920051002-203
C1PR2014080422273753DFA669595B8,920071012-16
C1PR2014080422274253DFA66E4199B,920051002-4
C1PR2014080422274953DFA67506DA2,920071012-39
C1PR2014080422275453DFA67A67DF8,920051002-161
C1PR2014080422280853DFA68849F67,920051002-26
C1PR2014080422282953DFA69D39C24,920051002-124
C1PR2014080422283453DFA6A2D3B21,920051002-123
C1PR2014080422285553DFA6B784989,920051002-85
C1PR2014080422290453DFA6C010A54,920051002-72
C1PR2014080422291353DFA6C9D9542,920051002-70
C1PR2014080422292053DFA6D018F36,920051002-61
C1PR2014080422293853DFA6E2B4749,920051002-197
C1PR2014080422301453DFA70642C28,920071012-32
C1PR2014080422302253DFA70E78A79,920051002-230
C1PR2014080422302553DFA7115BCAB,920071012-30
C1PR2014080422303053DFA716C57D8,920051002-198
C1PR2014080422310753DFA73BDF382,920051002-129
C1PR2014080422311753DFA7456D66E,920071012-17
C1PR2014080422312153DFA749B353E,920071012-15
C1PR2014080422311553DFA743C1667,920051002-58
C1PR2014080422313053DFA75218483,920071012-31
C1PR2014080422313153DFA753CFFD6,920051002-201
C1PR2014080422313953DFA75BAEEE5,920071012-2
C1PR2014080422314053DFA75C29608,920051002-15
C1PR2014080422314853DFA764ED271,920071012-10
C1PR2014080422315553DFA76B0AA39,920071012-13
C1PR2014080422320153DFA771CF991,920071012-33
C1PR2014080422320653DFA77687238,920051002-236
C1PR2014080422321053DFA77ABCF2E,920071012-34
C1PR2014080422321353DFA77DBF183,920051002-136
C1PR2014080422321453DFA77E4FC5E,920071012-5
C1PR2014080422321753DFA781AC461,920051002-20
C1PR2014080422322553DFA789369A4,920071012-21
C1PR2014080422323453DFA792E349E,920071012-6
C1PR2014080422323853DFA79647BF1,920071012-37
C1PR2014080422325153DFA7A39B2CB,920071012-36
C1PR2014080422331453DFA7BA0EC88,920071012-4
C1PR2014080422332353DFA7C302759,920071012-23
C1PR2014080422332653DFA7C6849A6,920051002-88
C1PR2014080422332653DFA7C6E69AD,920071012-20
C1PR2014080422334053DFA7D42E497,920071012-9
C1PR2014080422344453DFA814EC3D0,920071012-29
C1PR2014080422345553DFA81F74D8C,920071012-38
C1PR2014080422351253DFA8307F7CB,920071012-27
C1PR2014080422352653DFA83E8DBC3,920071012-7
C1PR2014080422353753DFA8490DE8A,920071012-24
C1PR2014080422354853DFA854F212F,920071012-25
C1PR2014080422360553DFA865779A7,920071012-35
C1PR2014080422361553DFA86F7DC8A,920071012-28
C1PR2014080422363453DFA882E1510,920071012-12
C1PR2014080422374953DFA8CD89DE5,920071012-1
C1PR2014080422375953DFA8D76C2BA,920071012-18
C1PR2014080422381053DFA8E260679,920071012-26
C1PR2014080422382453DFA8F00FCBD,920071012-19
C1PR2014080422383153DFA8F7B87BD,920071002-4
C1PR2014080422383953DFA8FF77ACA,920071002-6
C1PR2014080422384853DFA90846C04,920071002-3
C1PR2014080422393453DFA93649040,920071002-9
C1PR2014080422394353DFA93FD7E75,920071002-5
C1PR2014080422395053DFA9461CED0,920071002-2
C1PR2014080422395753DFA94D962AE,920071002-8
C1PR2014080422400753DFA957EEADF,920071002-7
C1PR2014082716565453FDAB6694886,550-002-6
